Bid Opening Date,Contract Number,Description,Link
04/29/2016,1626-15368R,VETERINARY SERVICES,http://opendocs.cookcountyil.gov/procurement/bid-tabulations/1626-15368R.pdf
04/27/2016,1628-15166,DESIGN ENGINEERING SERVICES,http://opendocs.cookcountyil.gov/procurement/bid-tabulations/1628-15166.pdf
04/22/2016,1626-15412,WILLOUGHBY TOILET FIXTURES,http://opendocs.cookcountyil.gov/procurement/bid-tabulations/1626-15412.pdf
04/22/2016,1626-15411,ACORN SHOWER UNITS,http://opendocs.cookcountyil.gov/procurement/bid-tabulations/1626-15411.pdf
04/22/2016,1626-15407,QUINCY COMPRESSOR SUPPLIES,http://opendocs.cookcountyil.gov/procurement/bid-tabulations/1626-15407.pdf
04/22/2016,1581-14932,MICROFILM READERS AND PRINTERS,http://opendocs.cookcountyil.gov/procurement/bid-tabulations/1581-14932.pdf
04/22/2016,1511-15075r,MAINTENANCE AND DECONTAMINATION SERVICES,http://opendocs.cookcountyil.gov/procurement/bid-tabulations/1511-15075r.pdf
04/22/2016,1645-15224,FUSE SUPPLIES,http://opendocs.cookcountyil.gov/procurement/bid-tabulations/1645-15224.pdf
04/22/2016,1625-15301,JANITORIAL SERVICES,http://opendocs.cookcountyil.gov/procurement/bid-tabulations/1625-15301.pdf
04/20/2016,1515-14988R,CONTINUOUS AND MULTI-EVENT SEQUENTIAL AIR MONITORS,http://opendocs.cookcountyil.gov/procurement/bid-tabulations/1515-14988R-1.pdf
04/20/2016,1684-15345,UNARMED SECURITY GUARD SERVICES,http://opendocs.cookcountyil.gov/procurement/bid-tabulations/1684-15345.pdf
04/15/2016,1626-15374,BLOOD SERVICES,http://opendocs.cookcountyil.gov/procurement/bid-tabulations/1626-15374.pdf
04/15/2016,1611-15119,DIGITAL INTERNAL RECHARGEABLE BATTERY & ACCESSORIES,http://opendocs.cookcountyil.gov/procurement/bid-tabulations/1611-15119.pdf
04/15/2016,1626-15368,VETERINARY SERVICES,http://opendocs.cookcountyil.gov/procurement/bid-tabulations/1626-15368.pdf
04/15/2016,1611-15217,PORTABLE LIGHT TOWER SYSTEM,http://opendocs.cookcountyil.gov/procurement/bid-tabulations/1611-15217.pdf
04/15/2016,1645-15362,SAWS AND SAW BLADES SUPPLIES,http://opendocs.cookcountyil.gov/procurement/bid-tabulations/1645-15362.pdf
04/15/2016,1645-15171,"INSPECTIONS, MAINTENANCE AND REPAIR OF FLAG POLES",http://opendocs.cookcountyil.gov/procurement/bid-tabulations/1645-15171.pdf
04/13/2016,1553-14990,CLEANING SUPPLIES AND CHEMICAL DISPENSING SYSTEM,http://opendocs.cookcountyil.gov/procurement/bid-tabulations/1553-14990.pdf
04/08/2016,1514-15034,POSTAGE EQUIPMENT,http://opendocs.cookcountyil.gov/procurement/bid-tabulations/1514-15034.pdf
04/06/2016,1653-15151,EMPLOYER COMBINED CHARITY CAMPAIGN,http://opendocs.cookcountyil.gov/procurement/bid-tabulations/1653-15151.pdf
04/06/2016,1626-15289,WALK THRU METAL DETECTORS,http://opendocs.cookcountyil.gov/procurement/bid-tabulations/1626-15289.pdf
04/06/2016,1623-15306,NATIONAL INSTITUTE OF STANDARD AND TECHNOLOGY ALCOHOLS,http://opendocs.cookcountyil.gov/procurement/bid-tabulations/1623-15306.pdf
04/06/2016,1626-15361,FORK OVER BASE HYDRAULIC STACKER,http://opendocs.cookcountyil.gov/procurement/bid-tabulations/1626-15361.pdf
04/06/2016,1535-15062,PRINTING OF DOCUMENT SECURITY PAPER,http://opendocs.cookcountyil.gov/procurement/bid-tabulations/1535-15062.pdf
04/01/2016,1525-15012,KITCHEN SUPPLIES,http://opendocs.cookcountyil.gov/procurement/bid-tabulations/1525-15012.pdf
04/01/2016,1626-15331,SELF INKING DATER ?Çô JUDICIARY,http://opendocs.cookcountyil.gov/procurement/bid-tabulations/1626-15331-2.pdf
03/30/2016,1545-15174,GLASS SUPPLIES,http://opendocs.cookcountyil.gov/procurement/bid-tabulations/1545-15174.pdf
03/30/2016,1611-15290,FORKLIFT TRUCK,http://opendocs.cookcountyil.gov/procurement/bid-tabulations/1611-15290.pdf
03/30/2016,1545-14535,FORESTRY TREE TRUCK WITH AERIAL LIFT,http://opendocs.cookcountyil.gov/procurement/bid-tabulations/1545-14535.pdf
03/25/2016,1611-15159,RENTAL AGREEMENT ?Çô POSTAGE METERS,http://opendocs.cookcountyil.gov/procurement/bid-tabulations/1611-15159.pdf
03/25/2016,1626-15352,2016 METAL VEHICLE TAGS,http://opendocs.cookcountyil.gov/procurement/bid-tabulations/1626-15352.pdf
03/23/2016,1511-15167,IN-CELL ORGANIZERS,http://opendocs.cookcountyil.gov/procurement/bid-tabulations/1511-15167.pdf
03/23/2016,1511-15181,ICE MACHINES REPAIR AND MAINTENANCE,http://opendocs.cookcountyil.gov/procurement/bid-tabulations/1511-15181.pdf
03/23/2016,1585-15156,LAKE COOK ROAD OVER BUFFALO CREEK AND LAKE COOK ROAD OVER WISCONSIN CENTRAL RAILROAD,http://opendocs.cookcountyil.gov/procurement/bid-tabulations/1585-15156.pdf
03/18/2016,1518-14993,EMPLOYER SPONSORED DENTAL BENEFITS,http://opendocs.cookcountyil.gov/procurement/bid-tabulations/1518-14993.pdf
03/18/2016,1626-15348,VEHICLE STICKERS 2016,http://opendocs.cookcountyil.gov/procurement/bid-tabulations/1626-15348.pdf
03/16/2016,1626-15296,REPAIR INGERSOLL RAND PUMP,http://opendocs.cookcountyil.gov/procurement/bid-tabulations/1626-15296.pdf
03/11/2016,1626-15325,DIAMOND PLATE SHEET METAL,http://opendocs.cookcountyil.gov/procurement/bid-tabulations/1626-15325.pdf
03/09/2016,1545-14928,SNOW AND ICE REMOVAL,http://opendocs.cookcountyil.gov/procurement/bid-tabulations/1545-14928.pdf
03/04/2016,1653-15275.,"RECIDIVISM REDUCTION DEMONSTRATION GRANTS ($40,000 AND $100,000)",http://opendocs.cookcountyil.gov/procurement/bid-tabulations/1653-15275.1.pdf
10/16/2015,1526-15009,WASHER EXTRACTOR,http://opendocs.cookcountyil.gov/procurement/bid-tabulations/1526-15009.pdf
03/04/2016,1653-15268.1,"RESTORATIVE JUSTICE DEMONSTRATION GRANTS ($40,000 AND $100,000)",http://opendocs.cookcountyil.gov/procurement/bid-tabulations/1653-15268.1.pdf
03/04/2016,1653-15264.11,"VIOLENCE PREVENTION, INTERVENTION, AND REDUCTION DEMONSTRATION GRANTS ($200,000)",http://opendocs.cookcountyil.gov/procurement/bid-tabulations/1653-15264.1.pdf
03/04/2016,1611-15322,PRE-PAID PARKING TICKETS,http://opendocs.cookcountyil.gov/procurement/bid-tabulations/1611-15322.pdf
03/04/2016,1525-15168,BOXED WATER,http://opendocs.cookcountyil.gov/procurement/bid-tabulations/1525-15168-1.pdf
02/26/2016,1515-15046,AUTOMATIC CREASING AND FOLDING MACHINE,http://opendocs.cookcountyil.gov/procurement/bid-tabulations/1515-15046.pdf
02/26/2016,1545-14752,POWER WASHING SERVICES,http://opendocs.cookcountyil.gov/procurement/bid-tabulations/1545-14752.pdf
02/26/2016,1528-15081,ELECTRICAL ENGINEERING DESIGN SERVICES,http://opendocs.cookcountyil.gov/procurement/bid-tabulations/1528-15081.pdf
02/24/2016,1626-15206,CANVAS VELCRO LO-BOBS GYM SHOES,http://opendocs.cookcountyil.gov/procurement/bid-tabulations/1626-15206.pdf
02/19/2016,1626-15149,COMMERCIAL CRIME COVERAGE AND PUBLIC BOND,http://opendocs.cookcountyil.gov/procurement/bid-tabulations/1626-15149.pdf
02/17/2016,1511-14631,MENTAL HEALTH AND SUBSTANCE ABUSE TREATMENT FOR WOMEN,http://opendocs.cookcountyil.gov/procurement/bid-tabulations/1511-14631.pdf
02/17/2016,1518-14825,COUNTYWIDE CREDIT AND DEBIT CARD ACCEPTANCE,http://opendocs.cookcountyil.gov/procurement/bid-tabulations/1518-14825.pdf
02/17/2016,1626-15188,MICROFILM SCANNER,http://opendocs.cookcountyil.gov/procurement/bid-tabulations/1626-15188.pdf
02/17/2016,1626-15221,SQUARE D LIGHTING,http://opendocs.cookcountyil.gov/procurement/bid-tabulations/1626-15221.pdf
02/10/2016,1626-15309,CATERING SERVICES,http://opendocs.cookcountyil.gov/procurement/bid-tabulations/1626-15309.pdf
02/03/2016,1511-15075,MAINTENANCE AND DECONTAMINATION SERVICES,http://opendocs.cookcountyil.gov/procurement/bid-tabulations/1511-15075.pdf
02/03/2016,1523-15061,AIR MONITOR TRAILERS,http://opendocs.cookcountyil.gov/procurement/bid-tabulations/1523-15061.pdf
02/03/2016,1545-15070,EXTERIOR WINDOW WASHING SERVICE,http://opendocs.cookcountyil.gov/procurement/bid-tabulations/1545-15070.pdf
02/03/2016,1626-15155,NURSING SERVICES,http://opendocs.cookcountyil.gov/procurement/bid-tabulations/1626-15155.pdf
01/27/2016,1590-14938,INSURANCE BROKERAGE SERVICES,http://opendocs.cookcountyil.gov/procurement/bid-tabulations/1590-14938.pdf
01/27/2016,1515-14923,BODY (CADAVER) BAGS,http://opendocs.cookcountyil.gov/procurement/bid-tabulations/1515-14923.pdf
01/27/2016,1511-15088,INMATE UNIFORMS,http://opendocs.cookcountyil.gov/procurement/bid-tabulations/1511-15088.pdf
01/22/2016,1545-15105,DOUBLE WALL STEAM BUNDLES,http://opendocs.cookcountyil.gov/procurement/bid-tabulations/1545-15105.pdf
01/20/2016,1515-14998,AIR MONITORS,http://opendocs.cookcountyil.gov/procurement/bid-tabulations/1515-14998.pdf
01/20/2016,1626-15179,AIPHONE CENTRAL EXCHANGE UNIT AND ACCESSORIES,http://opendocs.cookcountyil.gov/procurement/bid-tabulations/1626-15179.pdf
01/15/2016,1626-15169,LAMPS,http://opendocs.cookcountyil.gov/procurement/bid-tabulations/1626-15169.pdf
01/08/2016,1511-15125,MATTRESSES WITH INTEGRATED PILLOW,http://opendocs.cookcountyil.gov/procurement/bid-tabulations/1511-15125.pdf
01/06/2016,1590-14861,2016-2018 OBLIQUE AERIAL IMAGERY MISSION,http://opendocs.cookcountyil.gov/procurement/bid-tabulations/1590-14861.pdf
01/06/2016,1590-14847,ORTHOIMAGERY ACQUISITION,http://opendocs.cookcountyil.gov/procurement/bid-tabulations/1590-14847.pdf
01/06/2016,1588-14652,COUNTYWIDE CITATION MANAGEMENT AND ADJUDICATION SYSTEM (CCMAS),http://opendocs.cookcountyil.gov/procurement/bid-tabulations/1588-14652.pdf
12/30/2015,1555-14935,NEW CHILDREN?ÇÖS ADVOCACY ROOMS,http://opendocs.cookcountyil.gov/procurement/bid-tabulations/1555-14935.pdf
12/30/2015,1511-14704,"EQUIPMENT RENTAL, ASSOCIATED EQUIPMENT AND ASSOCIATED SERVICES",http://opendocs.cookcountyil.gov/procurement/bid-tabulations/1511-14704.pdf
12/30/2015,1584-15103,TRANSPORTATION AND CREMATION SERVICES OF INDIGENT DECEDENTS,http://opendocs.cookcountyil.gov/procurement/bid-tabulations/1584-15103.pdf
12/30/2015,1545-15055,PORTABLE WATER COOLED AIR CONDITIONERS,http://opendocs.cookcountyil.gov/procurement/bid-tabulations/1545-15055.pdf
12/30/2015,1545-14508R,ARROW BOARDS,http://opendocs.cookcountyil.gov/procurement/bid-tabulations/1545-14508R.pdf
12/30/2015,1545-15083,PANASONIC CAMERAS AND LENSES,http://opendocs.cookcountyil.gov/procurement/bid-tabulations/1545-15083.pdf
12/30/2015,1581-14929,OCE PLOTWAVE 340/360 LARGE FORMAT PRINTER WITH MAINTENANCE,http://opendocs.cookcountyil.gov/procurement/bid-tabulations/1581-149291.pdf
12/23/2015,1545-14645,"COUNTYWIDE ELEVATORS, ESCALATORS, DUMBWAITERS, WHEELCHAIR LIFTS AND RELATED EQUIPMENT, MAINTENANCE AND REPAIR",http://opendocs.cookcountyil.gov/procurement/bid-tabulations/1545-146451.pdf
12/23/2015,1581-15109,"REPAIR, INGERSOLL RAND PUMP",http://opendocs.cookcountyil.gov/procurement/bid-tabulations/1581-151091.pdf
12/18/2015,1525-15011,DISPOSABLE KITCHEN SUPPLIES,http://opendocs.cookcountyil.gov/procurement/bid-tabulations/1525-15011.pdf
12/18/2015,1511-15002,RAPE CRISIS CENTER SERVICES,http://opendocs.cookcountyil.gov/procurement/bid-tabulations/1511-15002.pdf
12/18/2015,1555-15033,"CRIMINAL COURTS ADMINISTRATION BUILDING RENOVATIONS OF FLOORS 7, 8 & 9",http://opendocs.cookcountyil.gov/procurement/bid-tabulations/1555-15033.pdf
12/16/2015,1581-15123,WIRE SECURITY SHELF CART,http://opendocs.cookcountyil.gov/procurement/bid-tabulations/1581-15123.pdf
12/16/2015,1581-15107,ELISA PLATE READER AND ACCESSORIES,http://opendocs.cookcountyil.gov/procurement/bid-tabulations/1581-15107.pdf
12/16/2015,1511-15121,UNIDEN HOME PATROL SERIES DIGITAL HANDHELD SCANNERS,http://opendocs.cookcountyil.gov/procurement/bid-tabulations/1511-15121.pdf
12/11/2015,1555-14934,CONSTRUCTION MANAGEMENT SERVICES FOR THE COOK COUNTY HEALTH AND HOSPITALS SYSTEM?ÇÖS REAL ESTATE PORTFOLIO,http://opendocs.cookcountyil.gov/procurement/bid-tabulations/1555-149342.pdf
12/11/2015,1581-15136,CENTRAL EXCHANGE UNIT AND ACCESSORIES,http://opendocs.cookcountyil.gov/procurement/bid-tabulations/1581-15136.pdf
12/11/2015,1511-15047,MAINTENANCE AND REPAIR OF TAYLOR DUNN CARTS,http://opendocs.cookcountyil.gov/procurement/bid-tabulations/1511-15047.pdf
12/11/2015,1511-15044,MAINTENANCE OF LAWN CARE AND SNOW REMOVAL EQUIPMENT,http://opendocs.cookcountyil.gov/procurement/bid-tabulations/1511-15044.pdf
12/11/2015,1545-14884,"INSPECTIONS, TESTING, MAINTENANCE, CERTIFICATION AND REPAIRS FOR FIRE FIGHTING SYSTEMS",http://opendocs.cookcountyil.gov/procurement/bid-tabulations/1545-14884.pdf
12/02/2015,1550-14939,MANAGED SECURITY SERVICES PROVIDER,http://opendocs.cookcountyil.gov/procurement/bid-tabulations/1550-14939.pdf
12/02/2015,1526-15028,DATACARD CD 800 PRINTER AND ACCESSORIES,http://opendocs.cookcountyil.gov/procurement/bid-tabulations/1526-150281.pdf
12/02/2015,1581-15090,TURBOVAP LV AUTOMATED EVAPORATION SYSTEM,http://opendocs.cookcountyil.gov/procurement/bid-tabulations/1581-15090.pdf
12/02/2015,1581-15091,HAMILTON MICROLAB 600 DILUTERS,http://opendocs.cookcountyil.gov/procurement/bid-tabulations/1581-15091.pdf
12/02/2015,1581-15092,PIPETTE REPEATERS,http://opendocs.cookcountyil.gov/procurement/bid-tabulations/1581-15092.pdf
12/02/2015,1511-15120,TWO-WAY ARTICULATING FIBER OPTIC SCOPE AND ACCESSORIES,http://opendocs.cookcountyil.gov/procurement/bid-tabulations/1511-15120.pdf
12/02/2015,1545-14879,"INSPECTIONS, MAINTENANCE AND REPAIR OF FLAG POLES",http://opendocs.cookcountyil.gov/procurement/bid-tabulations/1545-14879.pdf
11/27/2015,1581-15057,RABIES CERTIFICATE BOOKLETS,http://opendocs.cookcountyil.gov/procurement/bid-tabulations/1581-15057.pdf
11/25/2015,1526-15111,"LABELS, JUROR BADGE",http://opendocs.cookcountyil.gov/procurement/bid-tabulations/1526-15111.pdf
11/25/2015,1535-14917,"PRINTING, COURT DIVERSION ENVELOPES",http://opendocs.cookcountyil.gov/procurement/bid-tabulations/1535-14917.pdf
11/24/2015,1553-15018,ADVERTISING INSERTS FOR PROPERTY TAX BILL MAILING,http://opendocs.cookcountyil.gov/procurement/bid-tabulations/1553-15018.pdf
11/20/2015,1526-15068,RECREATIONAL GAMES,http://opendocs.cookcountyil.gov/procurement/bid-tabulations/1526-15068.pdf
11/20/2015,1545-15023,"ASBESTOS LABORATORY TESTING, ANALYSIS AND ENVIRONMENTAL MICROBIOLOGY LABORATORY SERVICES",http://opendocs.cookcountyil.gov/procurement/bid-tabulations/1545-15023.pdf
11/13/2015,1581-15003,PRINTING OF I BONDS AND D BONDS,http://opendocs.cookcountyil.gov/procurement/bid-tabulations/1581-15003.pdf
11/13/2015,1545-15049,ELECTRIC HAND DRYERS,http://opendocs.cookcountyil.gov/procurement/bid-tabulations/1545-15049.pdf
11/13/2015,1581-15054,MONTHLY ANSWERING SERVICE,http://opendocs.cookcountyil.gov/procurement/bid-tabulations/1581-15054.pdf
11/13/2015,1526-14987,LEASING OF POSTAGE MACHINE,http://opendocs.cookcountyil.gov/procurement/bid-tabulations/1526-14987.pdf
11/13/2015,1526-15086,NURSING SERVICES,http://opendocs.cookcountyil.gov/procurement/bid-tabulations/1526-15086.pdf
11/13/2015,1581-15051,HP LATEX 360 PRINTER,http://opendocs.cookcountyil.gov/procurement/bid-tabulations/1581-15051.pdf
11/13/2015,1511-15078,CANON EOS C100 MARK II CINEMA,http://opendocs.cookcountyil.gov/procurement/bid-tabulations/1511-150781.pdf
11/13/2015,1550-14983,"EMERGENCY OPERATION PLAN (EOP), CONTINUITY OF OPERATIONS PLAN (COOP) AND CONTINUITY OF GOVERNMENT PLAN (COG)",http://opendocs.cookcountyil.gov/procurement/bid-tabulations/1550-14983.pdf
11/04/2015,1535-14851,OPTICAL SCAN BALLOT PRINTING SERVICES,http://opendocs.cookcountyil.gov/procurement/bid-tabulations/1535-14851.pdf
11/04/2015,1553-14578,EMPLOYEE CHARITY CAMPAIGN,http://opendocs.cookcountyil.gov/procurement/bid-tabulations/1553-14578.pdf
11/04/2015,1526-15028R,DATACARD CD800 PRINTER AND ACCESSORIES,http://opendocs.cookcountyil.gov/procurement/bid-tabulations/1526-15028R.pdf
10/28/2015,1526-15064,CLEAR AM/FM RADIOS WITH ACCESSORIES,http://opendocs.cookcountyil.gov/procurement/bid-tabulations/1526-15064.pdf
10/28/2015,1526-14747,FILE TRACKING SYSTEM,http://opendocs.cookcountyil.gov/procurement/bid-tabulations/1526-14747.pdf
10/28/2015,1526-15065,"CLOTHING, THERMAL TOPS AND BOTTOMS",http://opendocs.cookcountyil.gov/procurement/bid-tabulations/1526-15065.pdf
10/23/2015,1514-15050,CITATION BOOKLETS,http://opendocs.cookcountyil.gov/procurement/bid-tabulations/1514-15050.pdf
10/21/2015,1590-14365,COOK COUNTY UNIFIED COMMUNICATIONS,http://opendocs.cookcountyil.gov/procurement/bid-tabulations/1590-14365.pdf
10/21/2015,1555-14930,PALATINE TOWNSHIP,http://opendocs.cookcountyil.gov/procurement/bid-tabulations/1555-14930.pdf
10/16/2015,1525-14738,CABLE TV EQUIPMENT,http://opendocs.cookcountyil.gov/procurement/bid-tabulations/1525-14738.pdf
10/16/2015,1553-14606,ON-SITE LABORATORY TESTING SERVICES,http://opendocs.cookcountyil.gov/procurement/bid-tabulations/1553-14606.pdf
10/16/2015,1526-15028,DATACARD CD800 PRINTER AND ACCESSORIES,http://opendocs.cookcountyil.gov/procurement/bid-tabulations/1526-15028.pdf
10/14/2015,1550-14816,PALANTIR GOTHAM SUPPORT,http://opendocs.cookcountyil.gov/procurement/bid-tabulations/1550-14816.pdf
10/09/2015,1581-15024,CABLE AND ACCESSORIES,http://opendocs.cookcountyil.gov/procurement/bid-tabulations/1581-15024.pdf
10/09/2015,1581-15014,FURNISH AND INSTALL SALT SPREADER,http://opendocs.cookcountyil.gov/procurement/bid-tabulations/1581-15014.pdf
10/09/2015,1581-15007,SWITCHES,http://opendocs.cookcountyil.gov/procurement/bid-tabulations/1581-15007.pdf
10/09/2015,1581-15000,WALK THRU METAL DETECTORS,http://opendocs.cookcountyil.gov/procurement/bid-tabulations/1581-15000.pdf
10/02/2015,1550-14806,MOBILE HOTSPOTS,http://opendocs.cookcountyil.gov/procurement/bid-tabulations/1550-14806.pdf
10/02/2015,1535-14464,LEASING RISO DIGITAL PRINTER,http://opendocs.cookcountyil.gov/procurement/bid-tabulations/1535-14464.pdf
09/30/2015,1581-14986,CAST CLEAR HAND STRETCH FILM,http://opendocs.cookcountyil.gov/procurement/bid-tabulations/1581-14986-Bid-tab-9-30-15.pdf
09/23/2015,1514-14748,IN-PERSON FOREIGN LANGUAGE INTERPRETING,http://opendocs.cookcountyil.gov/procurement/bid-tabulations/1514-14748-Bid-tab-9-23-15.pdf
09/18/2015,1526-14950,RENTAL OF SWIVEL STOOLS,http://opendocs.cookcountyil.gov/procurement/bid-tabulations/1526-14950.pdf
09/18/2015,1545-14762,AFTER HOURS PHONE COVERAGE,http://opendocs.cookcountyil.gov/procurement/bid-tabulations/1545-14762.pdf
09/16/2015,1581-14853,REPAIR OF HAND STAMPS AND REPLACEMENT PARTS,http://opendocs.cookcountyil.gov/procurement/bid-tabulations/1581-14853.pdf
09/16/2015,1581-14860,2016 WALL CALENDARS,http://opendocs.cookcountyil.gov/procurement/bid-tabulations/1581-14860.pdf
09/16/2015,1581-14912,TRAILER,http://opendocs.cookcountyil.gov/procurement/bid-tabulations/1581-14912.pdf
09/16/2015,1581-14931,LARGE FORMAT PRINTER,http://opendocs.cookcountyil.gov/procurement/bid-tabulations/1581-14931.pdf
09/16/2015,1581-14929,OCE PLOTWAVE 340/360 LARGE FORMAT PRINTER,http://opendocs.cookcountyil.gov/procurement/bid-tabulations/1581-14929.pdf
09/11/2015,1581-14901,INK AND TAPE ROLLS,http://opendocs.cookcountyil.gov/procurement/bid-tabulations/1581-14901.pdf
09/11/2015,1581-14894,AIR DRIVEN TIRE CHANGER,http://opendocs.cookcountyil.gov/procurement/bid-tabulations/1581-14894.pdf
09/11/2015,1545-14882,"INDEECO ELEMENTS, FUSES AND CONTACTORS",http://opendocs.cookcountyil.gov/procurement/bid-tabulations/1545-14882.pdf
09/11/2015,1553-14835,LAUNDRY ROOM EQUIPMENT PREVENTIVE MAINTENANCE AND REPAIR,http://opendocs.cookcountyil.gov/procurement/bid-tabulations/1553-14835.pdf
09/11/2015,1514-14668,CITATION BOOKLETS,http://opendocs.cookcountyil.gov/procurement/bid-tabulations/1514-14668.pdf
09/09/2015,1545-14508,ARROW BOARDS,http://opendocs.cookcountyil.gov/procurement/bid-tabulations/1545-14508.pdf
09/09/2015,1545-14506,FORD VANS,http://opendocs.cookcountyil.gov/procurement/bid-tabulations/1545-14506.pdf
09/09/2015,1545-14686,CARGO VAN,http://opendocs.cookcountyil.gov/procurement/bid-tabulations/1545-14686.pdf
09/09/2015,1545-14408,FORD SPORT UTILITY VEHICLES,http://opendocs.cookcountyil.gov/procurement/bid-tabulations/1545-14408.pdf
09/09/2015,1581-14883,WELL PUMP,http://opendocs.cookcountyil.gov/procurement/bid-tabulations/1581-14883.pdf
09/04/2015,1553-14679,RESIDENT?ÇÖS CLOTHING,http://opendocs.cookcountyil.gov/procurement/bid-tabulations/1553-14679.pdf
09/04/2015,1514-14684,KITCHEN EQUIPMENT,http://opendocs.cookcountyil.gov/procurement/bid-tabulations/1514-14684.pdf
09/04/2015,1530-14794,LEASING OF MULTI-FUNCTION DIGITAL COPIERS/PRINTERS,http://opendocs.cookcountyil.gov/procurement/bid-tabulations/1530-14794.pdf
09/02/2015,1581-14849,DAILY STANDARD JOURNAL,http://opendocs.cookcountyil.gov/procurement/bid-tabulations/1581-14849-Bid-tab-9-2-15.pdf
09/02/2015,1581-14867,"REPAIR, INGERSOLL RAND PUMP",http://opendocs.cookcountyil.gov/procurement/bid-tabulations/1581-14867-Bid-tab-9-2-15.pdf
09/02/2015,1545-14840,SWITCHES AND COVERS,http://opendocs.cookcountyil.gov/procurement/bid-tabulations/Bid-tab-1545-14840-9-2-15.pdf
09/02/2015,1535-14460,CURRENCY SCANNERS,http://opendocs.cookcountyil.gov/procurement/bid-tabulations/1535-14460-Bid-tab-9-2-15.pdf
09/02/2015,1545-14839,FOLGER ADAMS SOLENOID AND SWITCH,http://opendocs.cookcountyil.gov/procurement/bid-tabulations/1545-14839-Bid-tab-9-2-15.pdf
08/28/2015,1581-14386,SULPHUR DIOXIDE MONITOR,http://opendocs.cookcountyil.gov/procurement/bid-tabulations/1581-14386.pdf
08/26/2015,1523-14660,GROUP 4 ?Çô 2014 ?Çô LEYDEN TOWNSHIP,http://opendocs.cookcountyil.gov/procurement/bid-tabulations/1523-14660.pdf
08/26/2015,1545-14644,AUTO BODY REPAIR ZONE 1,http://opendocs.cookcountyil.gov/procurement/bid-tabulations/1545-14644.pdf
08/26/2015,1535-14671,PRINTED CORRUGATED STORAGE BOXES,http://opendocs.cookcountyil.gov/procurement/bid-tabulations/1535-14671.pdf
08/26/2015,1545-14745,RIDE ON SWEEPERS,http://opendocs.cookcountyil.gov/procurement/bid-tabulations/1545-14745.pdf
08/21/2015,1423-14237R,AUTOPSY SAW REPLACEMENT PROGRAM,http://opendocs.cookcountyil.gov/procurement/bid-tabulations/1423-14237R.pdf
08/19/2015,1581-14822,DIGITAL MACHINES,http://opendocs.cookcountyil.gov/procurement/bid-tabulations/1581-14822.pdf
08/19/2015,1581-14813,WIRE SECURITY CART SHELF,http://opendocs.cookcountyil.gov/procurement/bid-tabulations/1581-14813.pdf
08/19/2015,1581-14797,MONTHLY ANSWERING SERVICE,http://opendocs.cookcountyil.gov/procurement/bid-tabulations/1581-14797.pdf
08/14/2015,1581-14785,"FURNITURE, OFFICE",http://opendocs.cookcountyil.gov/procurement/bid-tabulations/1581-14785.pdf
08/14/2015,1581-14830,RENTAL OF SWIVEL TOOLS,http://opendocs.cookcountyil.gov/procurement/bid-tabulations/1581-14830.pdf
08/14/2015,1523-14815R,PAVEMENT PRESERVATION AND REHABILITATION PROGRAM ?Çô SOUTH 2015,http://opendocs.cookcountyil.gov/procurement/bid-tabulations/1523-14815R.pdf
08/07/2015,1511-14728R,MAINTENANCE FOR WASHERS AND DRYERS,http://opendocs.cookcountyil.gov/procurement/bid-tabulations/1511-14728R.pdf
08/07/2015,1581-14814,LIGHT PUSH BUTTON SWITCH,http://opendocs.cookcountyil.gov/procurement/bid-tabulations/1581-14814.pdf
08/07/2015,1545-14735,"BASIN, MOP",http://opendocs.cookcountyil.gov/procurement/bid-tabulations/1545-14735.pdf
08/07/2015,1581-14774,CHROME WIRE INDUSTRIAL,http://opendocs.cookcountyil.gov/procurement/bid-tabulations/1581-14774.pdf
07/31/2015,1511-14682R,UNIVERSAL FORENSIC EXTRACTION DEVICE,http://opendocs.cookcountyil.gov/procurement/bid-tabulations/1511-14682R.pdf
07/31/2015,1581-14746,REPLACEMENT BATTERIES FOR ZUES OR EQUAL NON-SPILLABLE SEALED RECHARGEABLE BATTERY,http://opendocs.cookcountyil.gov/procurement/bid-tabulations/1581-14746.pdf
07/31/2015,1581-14799,RACCOON TRAPS,http://opendocs.cookcountyil.gov/procurement/bid-tabulations/1581-14799.pdf
07/31/2015,1581-14819,BATTERY,http://opendocs.cookcountyil.gov/procurement/bid-tabulations/1581-14819.pdf
07/29/2015,1590-14410,CORRECTIONS COMMUNICATIONS SYSTEM,http://opendocs.cookcountyil.gov/procurement/bid-tabulations/1590-14410.pdf
07/24/2015,1545-14516 Correction,MOWERS,http://opendocs.cookcountyil.gov/procurement/bid-tabulations/1545-14516-Correction.pdf
07/24/2015,1553-14756,REFRIGERATION EQUIPMENT PREVENTIVE MAINTENANCE & REPAIR,http://opendocs.cookcountyil.gov/procurement/bid-tabulations/1553-14756.pdf
07/24/2015,1555-14475,COUNTY-WIDE JOB ORDER CONTRACTS,http://opendocs.cookcountyil.gov/procurement/bid-tabulations/1555-14475.pdf
07/22/2015,1555-14634,LEMONT TOWNSHIP 2015 MFT PROJECT,http://opendocs.cookcountyil.gov/procurement/bid-tabulations/1555-14634.pdf
07/22/2015,1545-14775,PARKING MANAGEMENT SERVICES AT JUVENILE DETENTION CENTER,http://opendocs.cookcountyil.gov/procurement/bid-tabulations/1545-14775.pdf
07/20/2015,1518-14654,NETWORK SERVICES OPERATIONS,http://opendocs.cookcountyil.gov/procurement/bid-tabulations/1518-14654.pdf
07/17/2015,1511-14682.1,UNIVERSAL FORENSIC EXTRACTION DEVICE,http://opendocs.cookcountyil.gov/procurement/bid-tabulations/1511-14682.1.pdf
07/17/2015,1511-14729,PORTABLE TOILET RENTAL,http://opendocs.cookcountyil.gov/procurement/bid-tabulations/1511-14729.pdf
07/17/2015,1511-14728,MAINTENANCE FOR WASHERS & DRYERS,http://opendocs.cookcountyil.gov/procurement/bid-tabulations/1511-14728.pdf
07/17/2015,1511-14727,TASER TRAINING CARTRIDGES,http://opendocs.cookcountyil.gov/procurement/bid-tabulations/1511-14727.pdf
07/17/2015,1545-14630,MAINTENANCE AND REPAIR OF AMANO TIME CLOCKS,http://opendocs.cookcountyil.gov/procurement/bid-tabulations/1545-14630.pdf
07/17/2015,1584-14614,TOXICOLOGY/HISTOLOGY GLASSWARE & CONSUMABLE SUPPLIES,http://opendocs.cookcountyil.gov/procurement/bid-tabulations/1584-14614.pdf
07/15/2015,1550-14589,"INFORMATION TECHNOLOGY GOVERNANCE, RISK AND COMPLIANCE PLATFORM",http://opendocs.cookcountyil.gov/procurement/bid-tabulations/1550-14589.pdf
07/15/2015,1581-14763,REPAIR INGERSOLL RAND PUMP,http://opendocs.cookcountyil.gov/procurement/bid-tabulations/1581-14763.pdf
07/15/2015,1581-14732.1,WELLMATE AIR TANK,http://opendocs.cookcountyil.gov/procurement/bid-tabulations/1581-14732.1.pdf
07/15/2015,1584-14618,FURNISH AND INSTALL PARKER-HANNIFIN (BALSTON) GAS GENERATORS AND AIR COMPRESSORS,http://opendocs.cookcountyil.gov/procurement/bid-tabulations/1584-14618.pdf
07/15/2015,1545-14536,BOBCAT SKID STEER LAODER,http://opendocs.cookcountyil.gov/procurement/bid-tabulations/1545-14536.pdf
07/15/2015,1541-14592,INMATE PROPERTY PLASTIC BAGS,http://opendocs.cookcountyil.gov/procurement/bid-tabulations/1541-14592.pdf
07/10/2015,1584-14483,AUTOPSY SUPPLIES,http://opendocs.cookcountyil.gov/procurement/bid-tabulations/1584-14483.pdf
07/08/2015,1555-14428,LINCOLN HIGHWAY LOGISTICS CORRIDOR STRATEGIC PLAN,http://opendocs.cookcountyil.gov/procurement/bid-tabulations/1555-14428.pdf
07/01/2015,1545-14639,CONCRETE,http://opendocs.cookcountyil.gov/procurement/bid-tabulations/1545-14639.pdf
06/26/2015,1545-14666,TRANE ROOF TOP UNITS,http://opendocs.cookcountyil.gov/procurement/bid-tabulations/1545-14666.pdf
06/26/2015,1525-14477,"CALENDAR, APPOINTMENT AND JOURNALS",http://opendocs.cookcountyil.gov/procurement/bid-tabulations/1525-14477.pdf
06/26/2015,1545-14489,STEAM HEAT AND CHILLED WATER COOLING COILS,http://opendocs.cookcountyil.gov/procurement/bid-tabulations/1545-14489.pdf
06/26/2015,1511-14481,FIBER OPTIC INSPECTION SCOPE AND TRANCEIVERS,http://opendocs.cookcountyil.gov/procurement/bid-tabulations/1511-14481.pdf
06/24/2015,1530-14415,REMOTE ALCOHOL MONITORING SERVICES,http://opendocs.cookcountyil.gov/procurement/bid-tabulations/1530-14415.pdf
06/24/2015,1581-14731,WELL PUMP,http://opendocs.cookcountyil.gov/procurement/bid-tabulations/1581-14731.pdf
06/19/2015,1528-14472,PRELIMINARY ENGINEERING SERVICES,http://opendocs.cookcountyil.gov/procurement/bid-tabulations/1528-14472.pdf
06/19/2015,1581-14462,ELECTRIC?áPALLET JACK,http://opendocs.cookcountyil.gov/procurement/bid-tabulations/1581-14462.pdf
06/19/2015,1581-14607,"MAINTENANCE, SOFTENER SYSTEM",http://opendocs.cookcountyil.gov/procurement/bid-tabulations/1581-14607.pdf
06/19/2015,1545-14515,STUMP GRINDER,http://opendocs.cookcountyil.gov/procurement/bid-tabulations/1545-14515.pdf
06/19/2015,1511-14649,BADGES AND HAT SHIELDS,http://opendocs.cookcountyil.gov/procurement/bid-tabulations/1511-14649.pdf
06/19/2015,1455-14274,COUNTYWIDE FIRE & LIFE SAFETY UPGRADES PACKAGE #9,http://opendocs.cookcountyil.gov/procurement/bid-tabulations/1455-14274.pdf
06/19/2015,1530-14303,GROUND LEVEL VEIW IMAGERY ACQUISITION,http://opendocs.cookcountyil.gov/procurement/bid-tabulations/1530-143031.pdf
06/17/2015,1530-14426,GENERAL LIABILITY AND AUTOMOBILE CLAIMS ADMINISTRATOR/THIRD PARTY ADMINISTRATOR SERVICES,http://opendocs.cookcountyil.gov/procurement/bid-tabulations/1530-14426.pdf
06/17/2015,1523-14542,PAVEMENT PRESERVATION AND REHABILITATION PROGRAM SOUTH 2015,http://opendocs.cookcountyil.gov/procurement/bid-tabulations/1523-14542.pdf
06/17/2015,1553-14192,COMPUTER HARDWARE MAINTENANCE,http://opendocs.cookcountyil.gov/procurement/bid-tabulations/1553-14192.pdf
06/17/2015,1523-14543,PAVEMENT PRESERVATION AND REHABILITATION PROGRAM NORTH 2015,http://opendocs.cookcountyil.gov/procurement/bid-tabulations/1523-14543.pdf
06/17/2015,1550-14625,EMERGENCY RESPONSE TOW VEHICLES,http://opendocs.cookcountyil.gov/procurement/bid-tabulations/1550-14625.pdf
06/17/2015,1511-14643,AFTERMARKET EQUIPMENT,http://opendocs.cookcountyil.gov/procurement/bid-tabulations/1511-14643.pdf
06/12/2015,1581-14657,PRINTING BONDS,http://opendocs.cookcountyil.gov/procurement/bid-tabulations/1581-14657.pdf
06/12/2015,1581-14720,"RIFLES, DARTS AND TRANQUILIZERS",http://opendocs.cookcountyil.gov/procurement/bid-tabulations/1581-14720.pdf
06/12/2015,1584-14495,HOT BOX ASPHALT RECYCLERS,http://opendocs.cookcountyil.gov/procurement/bid-tabulations/1584-14495.pdf
06/12/2015,1488-14183,INFORMATION TECHNOLOGY CONSULTING AND SUPPORT SERVICES FOR VARIOUS SCOPE CATEGORIES (TARGET MARKET),http://opendocs.cookcountyil.gov/procurement/bid-tabulations/1488-14183.pdf
06/11/2015,1488-14270,INFORMATION TECHNOLOGY CONSULTING AND SUPPORT SERVICES FOR VARIOUS SCOPE CATEGORIES (NON-TARGET MARKET),http://opendocs.cookcountyil.gov/procurement/bid-tabulations/1488-14270.pdf
06/10/2015,1523-14488,THERMOGRAPHER WITH UV LAMP,http://opendocs.cookcountyil.gov/procurement/bid-tabulations/1523-14488.pdf
06/10/2015,1511-14703,MAINTENANCE FOR MANITOWOK ICE MACHINES,http://opendocs.cookcountyil.gov/procurement/bid-tabulations/1511-14703.pdf
06/10/2015,1511-14682,UNIVERSAL FORENSIC EXTRACTION DEVICE,http://opendocs.cookcountyil.gov/procurement/bid-tabulations/1511-14682.pdf
06/10/2015,1535-14385,ANALYTICAL BALANCE,http://opendocs.cookcountyil.gov/procurement/bid-tabulations/1535-14385.pdf
06/05/2015,1511-14480,XPOSE MINIATURE CONTRABAND DETECTOR AND ACCESSORIES,http://opendocs.cookcountyil.gov/procurement/bid-tabulations/1511-144801.pdf
06/05/2015,1545-14537,PAVEMENT ROLLER,http://opendocs.cookcountyil.gov/procurement/bid-tabulations/1545-14537.pdf
06/05/2015,1511-14702,MAINTENANCE FOR LAWN CARE AND SNOW REMOVAL,http://opendocs.cookcountyil.gov/procurement/bid-tabulations/1511-14702.pdf
06/03/2015,1514-14576,JUROR FOOD SERVICE (SKOKIE COURTHOUSE),http://opendocs.cookcountyil.gov/procurement/bid-tabulations/1514-14576.pdf
06/03/2015,1514-14574,JUROR FOOD SERVICE (ROLLING MEADOWS COURTHOUSE),http://opendocs.cookcountyil.gov/procurement/bid-tabulations/1514-14574.pdf
06/03/2015,1514-14568,JUROR FOOD SERVICE (BRIDGEVIEW COURTHOUSE),http://opendocs.cookcountyil.gov/procurement/bid-tabulations/1514-14568.pdf
06/03/2015,1514-14572,JUROR FOOD SERVICE (MAYWOOD COURTHOUSE),http://opendocs.cookcountyil.gov/procurement/bid-tabulations/1514-14572.pdf
06/03/2015,1514-14570,JUROR FOOD SERVICE,http://opendocs.cookcountyil.gov/procurement/bid-tabulations/1514-14570.pdf
06/03/2015,1514-14576,OFFICE CABINET,http://opendocs.cookcountyil.gov/procurement/bid-tabulations/1514-14576.pdf
06/03/2015,1535-14434,PRINTING & MANUFACTURING OF FILE JACKETS & FOLDERS,http://opendocs.cookcountyil.gov/procurement/bid-tabulations/1535-14434.pdf
06/03/2015,1550-14590,LOWBED EMERGENCY MANAGEMENT TRAILERS,http://opendocs.cookcountyil.gov/procurement/bid-tabulations/1550-14590.pdf
06/03/2015,1590-14455,J.D. EDWARDS TECHNICAL SUPPORT,http://opendocs.cookcountyil.gov/procurement/bid-tabulations/1590-14455.pdf
06/03/2015,1545-14459,ASBESTOS DEBRIS DISPOSAL AND DUMPSTER BOX RENTALS,http://opendocs.cookcountyil.gov/procurement/bid-tabulations/1545-144591.pdf
05/29/2015,1411-14271,COMPUTER AIDED BOOKING SYSTEM (CABS),http://opendocs.cookcountyil.gov/procurement/bid-tabulations/5.29-1411-142711.pdf
05/29/2015,1584-14354,RABIES VACCINATION TAGS,http://opendocs.cookcountyil.gov/procurement/bid-tabulations/5.29-1584-14354.pdf
05/29/2015,1545-14600,BOOSTER PUMP SYSTEM,http://opendocs.cookcountyil.gov/procurement/bid-tabulations/5.29-1545-14600.pdf
05/29/2015,1535-14387,GAS BILUTION SYSTEMS AND ZERO AIR SUPPLY INSTRUMENTS,http://opendocs.cookcountyil.gov/procurement/bid-tabulations/5.29-1535-14387.pdf
05/29/2015,1514-14573,JUROR FOOD SERVICE ?Çô MAYWOOD COURTHOUSE,http://opendocs.cookcountyil.gov/procurement/bid-tabulations/5.29-1514-14573.pdf
05/27/2015,1584-14581,ENVELOPES,http://opendocs.cookcountyil.gov/procurement/bid-tabulations/5.27-1584-14581.pdf
05/27/2015,1550-14555,LED MICROSCOPE SYSTEM,http://opendocs.cookcountyil.gov/procurement/bid-tabulations/5.27-1550-14555.pdf
05/22/2015,1590-14357,ELECTRONIC CASE MANAGEMENT AND COURT DOCKET SYSTEM,http://opendocs.cookcountyil.gov/procurement/bid-tabulations/5.22-1590-14357.pdf
05/22/2015,1581-14604,STANLEY BEST LOCK PARTS,http://opendocs.cookcountyil.gov/procurement/bid-tabulations/5.22-1581-14604.pdf
05/20/2015,1545-14593,60 TON AIR COOLED SCROLL CHILLER,http://opendocs.cookcountyil.gov/procurement/bid-tabulations/1545-14593.pdf
05/20/2015,1581-14546,DRAIN CLEANING MACHINE AND ACCESSORIES,http://opendocs.cookcountyil.gov/procurement/bid-tabulations/1581-14546.pdf
05/15/2015,1550-14553,CHROME WIRE INDUSTRIAL SHELVING,http://opendocs.cookcountyil.gov/procurement/bid-tabulations/1550-14553.pdf
05/15/2015,1588-14513,COLLATERAL PRICING SERVICES,http://opendocs.cookcountyil.gov/procurement/bid-tabulations/1588-14513.pdf
05/15/2015,1514-14656,TELEVISION EQUIPMENT AND ACCESSORIES,http://opendocs.cookcountyil.gov/procurement/bid-tabulations/1514-14656.pdf
05/13/2015,1518-14544,DAIRY PRODUCTS,http://opendocs.cookcountyil.gov/procurement/bid-tabulations/1518-14544.pdf
05/13/2015,1511-14521,AFTERMARKET VEHICLE EQUIPMENT,http://opendocs.cookcountyil.gov/procurement/bid-tabulations/1511-14521.pdf
05/13/2015,1511-14616,CENTER STREET ?Çô 171ST ST. TO 159TH ST. (IN THE CITY OF HARVEY),http://opendocs.cookcountyil.gov/procurement/bid-tabulations/1511-14616.pdf
05/11/2015,1528-14540,COUNTYWIDE TITLE SEARCHES FOR REAL ESTATE TRANSACTIONS PROPERTY OWNERSHIP SEARCHES,http://opendocs.cookcountyil.gov/procurement/bid-tabulations/1528-14540.pdf
05/11/2015,1445-14215,PARKING MANAGEMENT SERVICES AT JUVENILE TEMPORARY DETENTION CENTER,http://opendocs.cookcountyil.gov/procurement/bid-tabulations/1445-14215.pdf
05/08/2015,1581-14505,"SERVICE, PREVENTIVE MAINTENANCE AND REPAIRS FOR REFRIGERATION EQUIPMENT",http://opendocs.cookcountyil.gov/procurement/bid-tabulations/1581-14505.pdf
05/04/2015,1553-14558,"VIOLENCE PREVENTION, INTERVENTION AND REDUCTION DEMONSTRATION GRANTS ($100,000)",http://opendocs.cookcountyil.gov/procurement/bid-tabulations/1553-14558.pdf
05/04/2015,1553-14559,"VIOLENCE PREVENTION, INTERVENTION AND REDUCTION SEED GRANTS ($40,000)",http://opendocs.cookcountyil.gov/procurement/bid-tabulations/1553-14559.pdf
05/04/2015,1553-14560,"VIOLENCE PREVENTION, INTERVENTION AND REDUCTION MINI-SEED GRANTS ($10,000)",http://opendocs.cookcountyil.gov/procurement/bid-tabulations/1553-14560.pdf
05/01/2015,1545-14514,WOOD CHIPPER,http://opendocs.cookcountyil.gov/procurement/bid-tabulations/1545-14514.pdf
05/01/2015,1581-14492,THERMAL IMAGER,http://opendocs.cookcountyil.gov/procurement/bid-tabulations/1581-14492.pdf
04/29/2015,1530-14318,ADMINISTRATIVE SERVICES FOR PATIENT ARRESTEE MEDICAL BILLS,http://opendocs.cookcountyil.gov/procurement/bid-tabulations/1530-14318.pdf
04/29/2015,1423-14278,TISSUE HOMOGENIZERS,http://opendocs.cookcountyil.gov/procurement/bid-tabulations/1423-14278.pdf
04/29/2015,1511-14503,CRUISE-EZE K9 TRANSPORT AND ACCESORIES,http://opendocs.cookcountyil.gov/procurement/bid-tabulations/1511-14503.pdf
04/24/2015,1530-14317,UNEMPLOYMENT COMPENSATION CLAIMS PROGRAM SERVICES,http://opendocs.cookcountyil.gov/procurement/bid-tabulations/1530-14317.pdf
04/24/2015,1423-14250,DATA EXCHANGE PROJECT MANAGER,http://opendocs.cookcountyil.gov/procurement/bid-tabulations/1423-14250.pdf
04/24/2015,1581-14552,TAX REDEMPTION BROCHURE,http://opendocs.cookcountyil.gov/procurement/bid-tabulations/1581-14552.pdf
04/22/2015,1511-14344,TRANSIT CARGO VANS,http://opendocs.cookcountyil.gov/procurement/bid-tabulations/1511-14344.pdf
04/22/2015,1511-14331,PICK UP TRUCKS,http://opendocs.cookcountyil.gov/procurement/bid-tabulations/1511-14331.pdf
04/22/2015,1511-14343,PRISONER TRANSPORT BUSES,http://opendocs.cookcountyil.gov/procurement/bid-tabulations/1511-14343.pdf
04/17/2015,1518-14008,EMPLOYER SPONSORED HEALTH INSURANCE BENEFITS,http://opendocs.cookcountyil.gov/procurement/bid-tabulations/1518-14008.pdf
04/17/2015,1535-14388,BALLOT MARKING PENS,http://opendocs.cookcountyil.gov/procurement/bid-tabulations/1535-14388.pdf
04/17/2015,1435-14190,HISTOLOGY LABORATORY CASSETTE PRINTER,http://opendocs.cookcountyil.gov/procurement/bid-tabulations/1435-14190.pdf
04/15/2015,1545-14496,VARIABLE FREQUENCY DRIVE,http://opendocs.cookcountyil.gov/procurement/bid-tabulations/1545-14496.pdf
04/08/2015,1581-14450,SIGN DESIGN & HARDWARE,http://opendocs.cookcountyil.gov/procurement/bid-tabulations/1581-14450.pdf
04/08/2015,1526-14451,SANITARY DISPOSAL SERVICES,http://opendocs.cookcountyil.gov/procurement/bid-tabulations/1526-14451.pdf
04/08/2015,1581-14494,FEEDER COLLATOR MACHINE,http://opendocs.cookcountyil.gov/procurement/bid-tabulations/1581-14494.pdf
04/03/2015,1545-14375,LIEBERT COOLING UNITS,http://opendocs.cookcountyil.gov/procurement/bid-tabulations/1545-14375.pdf
04/03/2015,1588-14346,NEW DOCUMENT MANAGEMENT AND CASHIERING SYSTEM,http://opendocs.cookcountyil.gov/procurement/bid-tabulations/1588-14346.pdf
04/02/2015,1553-14083,COUNTYWIDE JOB CLASSIFICATION AND COMPENSATION STUDY,http://opendocs.cookcountyil.gov/procurement/bid-tabulations/1553-14083.pdf
03/27/2015,1526-14444,2015 VEHICLE STICKERS AND DECALS,http://opendocs.cookcountyil.gov/procurement/bid-tabulations/1526-14444-Bid-tab-3-27-151.pdf
03/25/2015,1523-14313,UNDERWATER BRIDGE INSPECTION,http://opendocs.cookcountyil.gov/procurement/bid-tabulations/1523-14313-Bid-tab-3-25-15.pdf
03/25/2015,1511-14419,SOD CUTTER WITH AERATOR,http://opendocs.cookcountyil.gov/procurement/bid-tabulations/1511-14419-Bid-tab-3-25-15.pdf
03/25/2015,1511-14418,STANLEY RIDING LAWN MOWERS,http://opendocs.cookcountyil.gov/procurement/bid-tabulations/1511-14418-Bid-tab-3-25-15.pdf
03/25/2015,1511-14421,CANON CHECK TRANSPORT/DOCUMENT SCANNER,http://opendocs.cookcountyil.gov/procurement/bid-tabulations/1511-14421-Bid-tab-3-25-15.pdf
03/25/2015,1511-14422,ZEBRA G-SERIES,http://opendocs.cookcountyil.gov/procurement/bid-tabulations/1511-14422-Bid-tab-3-25-15.pdf
03/25/2015,1511-14423,HYBRID RECEIPT/VALIDATION PRINTER,http://opendocs.cookcountyil.gov/procurement/bid-tabulations/1511-14423-Bid-tab-3-25-15.pdf
03/25/2015,1511-14467,HIGH VISIBILITY SAFETY VESTS,http://opendocs.cookcountyil.gov/procurement/bid-tabulations/1511-14467-Bid-tab-3-25-15.pdf
03/25/2015,1526-14443,"MOTORCYCLE, COMMERCIAL TRAILER AND TAGS",http://opendocs.cookcountyil.gov/procurement/bid-tabulations/1526-14443-Bid-tab-3-25-15.pdf
03/25/2015,1526-14444,2015 VEHICLE STICKERS AND DECALS,http://opendocs.cookcountyil.gov/procurement/bid-tabulations/1526-14444-Bid-tab-3-25-15.pdf
03/25/2015,1555-14336,ROBERTS ROAD 86TH STREET TO 79TH STREET,http://opendocs.cookcountyil.gov/procurement/bid-tabulations/1555-14336-Bid-tab-3-25-15.pdf
03/25/2015,1435-14236,CUSTOM FILE CABINETS,http://opendocs.cookcountyil.gov/procurement/bid-tabulations/1435-14236-Bid-tab-3-25-15.pdf
03/25/2015,1511-14376,WHELEN AFTERMARKET ELECTRONIC EQUIPMENT,http://opendocs.cookcountyil.gov/procurement/bid-tabulations/1511-14376.pdf
03/20/2015,1511-14411,TWO VIEW X-RAY SYSTEMS,http://opendocs.cookcountyil.gov/procurement/bid-tabulations/1511-14411-Bid-Tab-3-20-15.pdf
03/20/2015,1553-14332,CABLE TV EQUIPMENT MAINTENANCE,http://opendocs.cookcountyil.gov/procurement/bid-tabulations/1553-14332-Bid-Tab-3-20-15.pdf
03/18/2015,1523-14399,CICERO RECORDS CENTER INVENTORY TRANSFER,http://opendocs.cookcountyil.gov/procurement/bid-tabulations/1523-14399.pdf
03/18/2015,1528-14326,NATURAL GAS SUPPLY AND MANAGEMENT SERVICES,http://opendocs.cookcountyil.gov/procurement/bid-tabulations/1528-14326.pdf
03/18/2015,1511-14258,VEHICLE LEASING AND MAINTENANCE,http://opendocs.cookcountyil.gov/procurement/bid-tabulations/1511-14258.pdf
03/11/2015,1581-14409,CARPENTER TOOLS/PARTS,http://opendocs.cookcountyil.gov/procurement/bid-tabulations/1581-14409.pdf
03/11/2015,1484-14262,LABORATORY DISHWASHER,http://opendocs.cookcountyil.gov/procurement/bid-tabulations/1484-14262.pdf
03/11/2015,1490-14220,COUNTYWIDE KIOSK IMPLEMENTATION,http://opendocs.cookcountyil.gov/procurement/bid-tabulations/1490-14220.pdf
03/06/2015,1481-14237,AUTOPSY SAW REPLACEMENT PROGRAM,http://opendocs.cookcountyil.gov/procurement/bid-tabulations/1481-14237.pdf
03/06/2015,1423-14168R,CARTAGE AND BURIAL OF HUMAN INDIGENT REMAINS,http://opendocs.cookcountyil.gov/procurement/bid-tabulations/1423-14168R.pdf
03/06/2015,1550-14323,MAINTENANCE REPAIR AND OPERATIONS (MRO SUPPLIES),http://opendocs.cookcountyil.gov/procurement/bid-tabulations/1550-14323.pdf
03/06/2015,1553-14327,RECIDIVISM RECUCTION PROSTITUTION,http://opendocs.cookcountyil.gov/procurement/bid-tabulations/1553-14327.pdf
03/06/2015,1553-14328,RECIDIVISM REDUCTION DEMONSTRATION GRANTS,http://opendocs.cookcountyil.gov/procurement/bid-tabulations/1553-14328.pdf
03/06/2015,1553-14330,"RECIDIVISM REDUCTION MINI-SEED GRANTS ($10,000)",http://opendocs.cookcountyil.gov/procurement/bid-tabulations/1553-14330.pdf
03/06/2015,1553-14329,"RECIDIVISM REDUCTION MINI GRANTS ($24,000)",http://opendocs.cookcountyil.gov/procurement/bid-tabulations/1553-14329.pdf
03/04/2015,1553-14379,ICE CREAM AND FROZEN DESSERTS,http://opendocs.cookcountyil.gov/procurement/bid-tabulations/1553-14379.pdf
03/04/2015,1526-14348,LEASE (12) POSTAGE MACHINES,http://opendocs.cookcountyil.gov/procurement/bid-tabulations/1526-14348.pdf
03/04/2015,1581-14407,RIXSON FLOOR CLOSER,http://opendocs.cookcountyil.gov/procurement/bid-tabulations/1581-14407.pdf
02/20/2015,1581-14371,"PRINTING, SECURITY PAPER",http://opendocs.cookcountyil.gov/procurement/bid-tabulations/1581-14371.pdf
02/18/2015,1545-14405,WATT STOPPER SWITCH,http://opendocs.cookcountyil.gov/procurement/bid-tabulations/1545-14405.pdf
02/18/2015,1526-14373,BOTTLED WATER,http://opendocs.cookcountyil.gov/procurement/bid-tabulations/1526-14373.pdf
02/18/2015,1526-14416,BALLISTIC VESTS,http://opendocs.cookcountyil.gov/procurement/bid-tabulations/1526-14416.pdf
02/18/2015,1581-14391,PNEUDART 179B CO2 PISTOL AND ACCESSORIES,http://opendocs.cookcountyil.gov/procurement/bid-tabulations/1581-14391.pdf
02/17/2015,1418-14268,SOFTWARE AND SYSTEM INTEGRATION SERVICES AND MANAGED SERVICES FOR ORACLE E-BUSINESS SUITE ERP SOFTWARE,http://opendocs.cookcountyil.gov/procurement/bid-tabulations/1418-14268.pdf
02/13/2015,1526-14378,STENOGRAPHIC PAPER,http://opendocs.cookcountyil.gov/procurement/bid-tabulations/1526-14378.pdf
02/13/2015,1526-14413,CATERING SERVICES,http://opendocs.cookcountyil.gov/procurement/bid-tabulations/1526-14413.pdf
02/11/2015,1428-14144,COUNTYWIDE EMERGENCY POWER SYSTEMS UPGRADES,http://opendocs.cookcountyil.gov/procurement/bid-tabulations/1428-14144.pdf
02/11/2015,1425-14072,DISPOSABLE KITCHEN SUPPLIES,http://opendocs.cookcountyil.gov/procurement/bid-tabulations/1425-14072.pdf
02/11/2015,1490-14071,KITCHEN SUPPLIES,http://opendocs.cookcountyil.gov/procurement/bid-tabulations/1490-14071.pdf
02/11/2015,1430-14245,"ANNUAL TAX NOTICE TO PRINT, PREP AND STUFF",http://opendocs.cookcountyil.gov/procurement/bid-tabulations/1430-14245.pdf
02/11/2015,1526-14397,COURIER SERVICE,http://opendocs.cookcountyil.gov/procurement/bid-tabulations/1526-14397.pdf
02/06/2015,1435-14005,VRMS(VOTER REGISTRATION MANAGEMENT SYSTEM),http://opendocs.cookcountyil.gov/procurement/bid-tabulations/1435-14005.pdf
02/04/2015,1481-14256,PRE-PAID PARKING PASSES,http://opendocs.cookcountyil.gov/procurement/bid-tabulations/1481-14256.pdf
01/30/2015,1481-14275,ELEVATOR CONSULTING SERVICE,http://opendocs.cookcountyil.gov/procurement/bid-tabulations/1481-14275.pdf
01/30/2015,1581-14314,FILEPRINT 470 TONER,http://opendocs.cookcountyil.gov/procurement/bid-tabulations/1581-14314.pdf
01/28/2015,1581-14370,RED SECURITY SEALS,http://opendocs.cookcountyil.gov/procurement/bid-tabulations/1581-14370.pdf
01/28/2015,1435-14128,AUTOMATED GLASS COVER SLIPPER,http://opendocs.cookcountyil.gov/procurement/bid-tabulations/1435-14128.pdf
01/28/2015,1581-14372,DATALOGIC SCANNERS,http://opendocs.cookcountyil.gov/procurement/bid-tabulations/1581-14372.pdf
01/23/2015,1484-14289,"PRINTING, SUBURBAN PERSONAL ISSUE TICKETS AND PERSONAL ISSUE TICKETS FOR CITY OF CHICAGO",http://opendocs.cookcountyil.gov/procurement/bid-tabulations/1484-14289.pdf
01/23/2015,1445-14238,#2 DIESEL FUEL FOR GENERATORS,http://opendocs.cookcountyil.gov/procurement/bid-tabulations/1445-14238.pdf
01/21/2015,1481-14273,STEAM HEAT COILS,http://opendocs.cookcountyil.gov/procurement/bid-tabulations/1481-14273.pdf
01/21/2015,1484-14114,POSTAGE MACHINE AND MAILING/INSERTING & TABBER SYSTEM,http://opendocs.cookcountyil.gov/procurement/bid-tabulations/1484-14114.pdf
01/16/2015,1445-14119,ELEVATOR INSPECTION SERVICES,http://opendocs.cookcountyil.gov/procurement/bid-tabulations/1445-14119.pdf
01/16/2015,1445-14050,SOUTHERN FOLGER LOCK PARTS,http://opendocs.cookcountyil.gov/procurement/bid-tabulations/1445-14050.pdf
01/09/2015,1445-14209,"SUPPLY, SALT PELLETS",http://opendocs.cookcountyil.gov/procurement/bid-tabulations/1445-14209.pdf
01/07/2015,1430-13431,VEHICLE STICKER APPLICATION & FULFILLMENT SOLUTION,http://opendocs.cookcountyil.gov/procurement/bid-tabulations/1430-13431.pdf
01/07/2015,1425-14235,TRANSPORTATION AND CREMATION SERVICES OF INDIGENT DECEDENTS,http://opendocs.cookcountyil.gov/procurement/bid-tabulations/1425-14235.pdf
01/07/2015,1490-13941,FOOD SERVICE FOR IMPANELED JURY TRIALS,http://opendocs.cookcountyil.gov/procurement/bid-tabulations/1490-13941.pdf
12/19/2014,1481-14279,CHEMICAL HOODS,http://opendocs.cookcountyil.gov/procurement/bid-tabulations/1481-14279.pdf
12/19/2014,1423-14168,CARTAGE AND BURIAL OF INDIGENT REMAINS,http://opendocs.cookcountyil.gov/procurement/bid-tabulations/1423-14168.pdf
12/19/2014,1450-14288,DISASTER RESPONSE TRAILER,http://opendocs.cookcountyil.gov/procurement/bid-tabulations/1450-14288.pdf
12/19/2014,1445-14222,SPRAY FLOW II INDUSTRIAL DEAERATOR,http://opendocs.cookcountyil.gov/procurement/bid-tabulations/1445-14222.pdf
12/12/2014,1453-14044,POULTRY PRODUCTS,http://opendocs.cookcountyil.gov/procurement/bid-tabulations/1453-14044.pdf
12/12/2014,1484-13778,FURNISH AND INSTALL HOT TAP CONNECTIONS,http://opendocs.cookcountyil.gov/procurement/bid-tabulations/1484-13778.pdf
12/10/2014,1426-14218,VENDOR MANAGEMENT TRAINING,http://opendocs.cookcountyil.gov/procurement/bid-tabulations/1426-14218.pdf
12/10/2014,1426-14217,APPLICATION DEVELOPMENT TRAINING,http://opendocs.cookcountyil.gov/procurement/bid-tabulations/1426-14217.pdf
12/10/2014,1426-14216,PROJECT MANAGEMENT TRAINING,http://opendocs.cookcountyil.gov/procurement/bid-tabulations/1426-14216.pdf
12/10/2014,1426-14266,RECORDED TELEPHONE LINES,http://opendocs.cookcountyil.gov/procurement/bid-tabulations/1426-14266.pdf
12/10/2014,1481-14242,PRE-PAID PARKING PASSES,http://opendocs.cookcountyil.gov/procurement/bid-tabulations/1481-14242.pdf
12/10/2014,1481-13987,"SHIRTS, MEN?ÇÖS INDUSTRIAL",http://opendocs.cookcountyil.gov/procurement/bid-tabulations/1481-13987.pdf
12/10/2014,1455-14179R,GROUP 3 ?Çô 2014,http://opendocs.cookcountyil.gov/procurement/bid-tabulations/1455-14179R.pdf
12/10/2014,1455-14151,151ST ST. VINCENNES AVE. TO SECOND AVE. ?Çô VILLAGE OF PHOENIX,http://opendocs.cookcountyil.gov/procurement/bid-tabulations/1455-14151.pdf
12/10/2014,1428-14143,GROUP 1 ?Çô 2015 HINTZ ROAD,http://opendocs.cookcountyil.gov/procurement/bid-tabulations/1428-14143.pdf
12/10/2014,1411-14188,BLACKINTON BADGE LUCITE EMBEDMENT,http://opendocs.cookcountyil.gov/procurement/bid-tabulations/1411-14188.pdf
12/10/2014,1445-14185,FURNISH AND INSTALL BRONZE HEAT STRENGTHENED LAMINATED GLASS,http://opendocs.cookcountyil.gov/procurement/bid-tabulations/1445-14185.pdf
12/05/2014,1425-13966,TELEPHONE ANSWERING SERVICE,http://opendocs.cookcountyil.gov/procurement/bid-tabulations/1425-13966.pdf
12/03/2014,1426-14176,JUDGE?ÇÖS NAME PLATE,http://opendocs.cookcountyil.gov/procurement/bid-tabulations/1426-14176.pdf
12/03/2014,1426-14148,MISCELLANEOUS PRODUCTS (DATERS),http://opendocs.cookcountyil.gov/procurement/bid-tabulations/1426-14148.pdf
12/03/2014,1445-14171,ROCK SALT AND DEICING SALT,http://opendocs.cookcountyil.gov/procurement/bid-tabulations/1445-14171.pdf
12/03/2014,1445-14073,FLAGS,http://opendocs.cookcountyil.gov/procurement/bid-tabulations/1445-14073.pdf
12/03/2014,1445-13880,GREASE TRAP PUMPING AND WATER JETTING OF SEWER LINES,http://opendocs.cookcountyil.gov/procurement/bid-tabulations/1445-13880.pdf
11/26/2014,1445-14012,TRASH CAN LINERS,http://opendocs.cookcountyil.gov/procurement/bid-tabulations/1445-14012.pdf
11/21/2014,1481-14177,MONTHLY ANSWERING SERVICE,http://opendocs.cookcountyil.gov/procurement/bid-tabulations/1481-141771.pdf
11/21/2014,1426-13982,DIGITAL IMAGING SYSTEM POSTAGE MACHINE,http://opendocs.cookcountyil.gov/procurement/bid-tabulations/1426-13982.pdf
11/21/2014,1445-13948,CONCRETE,http://opendocs.cookcountyil.gov/procurement/bid-tabulations/1445-13948.pdf
11/19/2014,1430-13957,"ENVELOPES, PRINT AND FURNISH",http://opendocs.cookcountyil.gov/procurement/bid-tabulations/1430-13957.pdf
11/19/2014,1435-13714,SNOW REMOVAL SERVICES,http://opendocs.cookcountyil.gov/procurement/bid-tabulations/1435-13714.pdf
11/19/2014,1481-14181,RABIES VACCINE,http://opendocs.cookcountyil.gov/procurement/bid-tabulations/1481-14181.pdf
11/19/2014,1426-14163,CLEAR AM/FM RADIO,http://opendocs.cookcountyil.gov/procurement/bid-tabulations/1426-14163.pdf
11/19/2014,1426-14164,"APPAREL, THERMAL TOPS AND BOTTOMS",http://opendocs.cookcountyil.gov/procurement/bid-tabulations/1426-14164.pdf
11/17/2014,1488-13992,ENTERPRISE SERVICE BUS (ESB),http://opendocs.cookcountyil.gov/procurement/bid-tabulations/1488-13992.pdf
11/14/2014,1488-13637,CABLE TV EQUIPMENT MAINTENANCE,http://opendocs.cookcountyil.gov/procurement/bid-tabulations/1488-13637.pdf
11/14/2014,1484-14136,PAPER,http://opendocs.cookcountyil.gov/procurement/bid-tabulations/1484-14136.pdf
11/14/2014,1435-14153,"PRINTING, PROCESSING & MAILING OF PROPOSED ASSESSED VALUATION NOTICES FOR RE-ASSESSMENT TOWNSHIPS & PRINTING DATA",http://opendocs.cookcountyil.gov/procurement/bid-tabulations/1435-14153.pdf
11/14/2014,1484-14138,ENVELOPES,http://opendocs.cookcountyil.gov/procurement/bid-tabulations/1484-14138.pdf
11/14/2014,1435-13731,"BIOHAZARDOUS WASTE MANAGEMENT, REMOVAL & DISPOSAL",http://opendocs.cookcountyil.gov/procurement/bid-tabulations/1435-13731.pdf
11/14/2014,1481-14075,"REPAIR SERVICE, PARTS FOR PERSONAL CARRIERS",http://opendocs.cookcountyil.gov/procurement/bid-tabulations/1481-14075.pdf
11/12/2014,1426-14047,"XEROX PHASER, BLACK/WHITE PRINTER",http://opendocs.cookcountyil.gov/procurement/bid-tabulations/1426-14047.pdf
11/05/2014,1426-14150,JUROR WARRANT PAPER,http://opendocs.cookcountyil.gov/procurement/bid-tabulations/1426-14150.pdf
11/05/2014,1411-14022,SMITH & WESSON HANDCUFFS AND LEG IRONS,http://opendocs.cookcountyil.gov/procurement/bid-tabulations/1411-14022.pdf
11/05/2014,1481-14010,"CAMERA, PTZ EXTERIOR WITH HEATER",http://opendocs.cookcountyil.gov/procurement/bid-tabulations/1481-14010.pdf
11/05/2014,1453-13935,"TELECOMMUNICATION CABLING EQUIPMENT, COMMSCOPE BRAND",http://opendocs.cookcountyil.gov/procurement/bid-tabulations/1453-13935.pdf
11/05/2014,1445-13900,SPRAY FLOW II INDUSTRIAL STEAM DEAERATOR,http://opendocs.cookcountyil.gov/procurement/bid-tabulations/1445-13900.pdf
11/03/2014,1435-14126,LAUNDRY SERVICE & GARMENT REPAIR FOR FLUID RESISTANT GARMENTS,http://opendocs.cookcountyil.gov/procurement/bid-tabulations/1435-14126.pdf
11/03/2014,1435-14125,FLUID RESISTANT LAB COATS & SURGICAL SCRUB SUITS,http://opendocs.cookcountyil.gov/procurement/bid-tabulations/1435-14125.pdf
10/31/2014,1411-14145,MAINTENANCE FOR LAWN CARE AND SNOW REMOVAL EQUIPMENT,http://opendocs.cookcountyil.gov/procurement/bid-tabulations/1411-14145.pdf
10/31/2014,1484-13835,AUTOMATED SLIDE STAINER,http://opendocs.cookcountyil.gov/procurement/bid-tabulations/1484-13835.pdf
10/29/2014,1488-13904,GROUP TERM LIFE INSURANCE,http://opendocs.cookcountyil.gov/procurement/bid-tabulations/1488-13904.pdf
10/24/2014,1411-14063,"RENTAL, PORTABLE STANDARD TOILET",http://opendocs.cookcountyil.gov/procurement/bid-tabulations/1411-14063.pdf
10/22/2014,1481-14001,RABIES VACCINE,http://opendocs.cookcountyil.gov/procurement/bid-tabulations/1481-14001.pdf
10/22/2014,1450-14082,MEDICAL EXAMINER DISASTER RESPONSE TRAILER,http://opendocs.cookcountyil.gov/procurement/bid-tabulations/1450-14082.pdf
10/22/2014,1411-13972,TENNIS SHOES,http://opendocs.cookcountyil.gov/procurement/bid-tabulations/1411-13972.pdf
10/15/2014,1426-14051,FREEZERLESS REFRIGERATOR AND MINI REFRIGERATOR,http://opendocs.cookcountyil.gov/procurement/bid-tabulations/1426-14051.pdf
10/15/2014,1481-14052,LARGE OFFICIAL COURT CALENDARS,http://opendocs.cookcountyil.gov/procurement/bid-tabulations/1481-14052.pdf
10/10/2014,1426-14053,"CABINET, FLAMMABLE STORAGE",http://opendocs.cookcountyil.gov/procurement/bid-tabulations/1426-14053.pdf
10/10/2014,1445-13745,"PRINTING, PROCESSING & MAILING OF PROPOSED ASSESSED VALUATION NOTICES FOR RE-ASSESSMENT TOWNSHIPS & PRINTING DATA",http://opendocs.cookcountyil.gov/procurement/bid-tabulations/1445-13745.pdf
10/10/2014,1445-13939,"BELL & GOSSETT CHILLED WATER PUMP, VALVE AND DIFFUSER",http://opendocs.cookcountyil.gov/procurement/bid-tabulations/1445-13939.pdf
10/08/2014,1481-13829,"T-SHIRTS, BUTTONS AND PENS",http://opendocs.cookcountyil.gov/procurement/bid-tabulations/1481-13829.pdf
10/08/2014,1423-13630,HIGH PERFORMANCE COLD PATCH BITUMINOUS MATERIALS (NORTH AND SOUTH AREAS),http://opendocs.cookcountyil.gov/procurement/bid-tabulations/1423-13630.pdf
10/08/2014,1426-14033,OFFICE FURNITURE,http://opendocs.cookcountyil.gov/procurement/bid-tabulations/1426-14033.pdf
10/03/2014,1490-13840,COUNTYWIDE DEBT COLLECTION,http://opendocs.cookcountyil.gov/procurement/bid-tabulations/1490-13840.pdf
10/03/2014,1484-13837,AUTOMATED GLASS COVER SLIPPER,http://opendocs.cookcountyil.gov/procurement/bid-tabulations/1484-13837.pdf
10/03/2014,1426-14017,CARTAGE AND BURIAL OF HUMAN INDIGENT REMAINS,http://opendocs.cookcountyil.gov/procurement/bid-tabulations/1426-14017.pdf
10/03/2014,1435-13652,PERSONNEL CARRIERS,http://opendocs.cookcountyil.gov/procurement/bid-tabulations/1435-13652.pdf
10/01/2014,1481-14026,DOOR CLOSERS,http://opendocs.cookcountyil.gov/procurement/bid-tabulations/1481-14026.pdf
10/01/2014,1426-13983,OFFICE EQUIPMENT,http://opendocs.cookcountyil.gov/procurement/bid-tabulations/1426-13983.pdf
10/01/2014,1481-13956,UNITS OF SODIUM HEPARIN WHOLE BLOOD,http://opendocs.cookcountyil.gov/procurement/bid-tabulations/1481-13956.pdf
10/01/2014,1481-14000,MONTHLY ANSWERING SERVICE,http://opendocs.cookcountyil.gov/procurement/bid-tabulations/1481-14000.pdf
10/01/2014,1484-13893,MARLO WATER COILS,http://opendocs.cookcountyil.gov/procurement/bid-tabulations/1484-13893.pdf
10/01/2014,1484-13762,PRINTING OF PERSONAL ISSUE TICKETS FOR CITY OF CHICAGO,http://opendocs.cookcountyil.gov/procurement/bid-tabulations/1484-13762.pdf
10/01/2014,1445-13891,THRUSH TUBE BUNDLES,http://opendocs.cookcountyil.gov/procurement/bid-tabulations/1445-13891.pdf
10/01/2014,1425-13711,WALK THROUGH METAL DETECTORS,http://opendocs.cookcountyil.gov/procurement/bid-tabulations/1425-13711.pdf
09/26/2014,1490-13787,IMPLEMENTATION OF THE INTERATED PROPERTY TAX AND MASS APPRAISAL SYSTEM & REENGINEERING OF RELATED TAX PROCESS,http://opendocs.cookcountyil.gov/procurement/bid-tabulations/1490-13787.pdf
09/26/2014,1453-13960,"COOKING EQUIPMENT, PREVENTIVE MAINTENANCE AND REPAIR",http://opendocs.cookcountyil.gov/procurement/bid-tabulations/1453-13960.pdf
09/26/2014,1426-13952R,"APPRAISAL OF UNCLAIMED JEWELRY, PROPERTY OF DECEDENTS",http://opendocs.cookcountyil.gov/procurement/bid-tabulations/1426-13952R.pdf
09/24/2014,1484-13311,"CAMCORDER, SONH HDR-CX330 HD FLASH MEMORY",http://opendocs.cookcountyil.gov/procurement/bid-tabulations/1484-13311.pdf
09/24/2014,1428-13749,ALTERNATE RETAIL ELECTRIC SUPPLIER (ARES),http://opendocs.cookcountyil.gov/procurement/bid-tabulations/1428-13749.pdf
09/24/2014,1445-13776,CARTAGE AND BURIAL OF INDIGENT REMAINS,http://opendocs.cookcountyil.gov/procurement/bid-tabulations/1445-13776.pdf
09/24/2014,1411-13594R,FOOD SERVICES,http://opendocs.cookcountyil.gov/procurement/bid-tabulations/1411-13594R.pdf
09/24/2014,1484-13954,TRANSPORTATION AND CREMATION SERVICES OF MINOR INDIGENT DECEDENTS,http://opendocs.cookcountyil.gov/procurement/bid-tabulations/1484-13954.pdf
09/19/2014,1435-13764,PRE-PAID PARKING PASSES,http://opendocs.cookcountyil.gov/procurement/bid-tabulations/1435-13764.pdf
09/17/2014,1481-13856,CORRUGATED RECORD STORAGE CARTONS,http://opendocs.cookcountyil.gov/procurement/bid-tabulations/1481-13856.pdf
09/17/2014,1455-13872,RIDGELAND AVENEUE CONTRUCTION,http://opendocs.cookcountyil.gov/procurement/bid-tabulations/1455-13872.pdf
09/17/2014,1435-13499,CARBONLESS FORM PRINTING,http://opendocs.cookcountyil.gov/procurement/bid-tabulations/1435-134991.pdf
09/17/2014,1426-13857R,EQUIPMENT MAINTENANCE,http://opendocs.cookcountyil.gov/procurement/bid-tabulations/1426-13857R.pdf
09/17/2014,1411-13878,36 MANITOWOK MAINTENANCE,http://opendocs.cookcountyil.gov/procurement/bid-tabulations/1411-13878.pdf
09/17/2014,1411-13876,WASHER AND DRYER MAINTENANCE,http://opendocs.cookcountyil.gov/procurement/bid-tabulations/1411-13876.pdf
09/17/2014,1484-13806,ENVELOPES,http://opendocs.cookcountyil.gov/procurement/bid-tabulations/1484-13806.pdf
09/12/2014,1488-13638,PURCHASE OF CABLE TV EQUIPMENT,http://opendocs.cookcountyil.gov/procurement/bid-tabulations/1488-13638.pdf
09/10/2014,1426-13971,"TIME CLOCK, RACK & CARDS",http://opendocs.cookcountyil.gov/procurement/bid-tabulations/1426-13971.pdf
09/10/2014,1445-13786,60 TON AIR COOLED SCROLL CHILLER,http://opendocs.cookcountyil.gov/procurement/bid-tabulations/1445-13786.pdf
09/10/2014,1450-13771,URBAN AREA CERP PROGRAM,http://opendocs.cookcountyil.gov/procurement/bid-tabulations/1450-13771.pdf
09/10/2014,1426-13963,"PRINTING, COURT DIVERSION ENVELOPES",http://opendocs.cookcountyil.gov/procurement/bid-tabulations/1426-13963.11.pdf
09/10/2014,1481-13746,"PRINTING, I BONDS",http://opendocs.cookcountyil.gov/procurement/bid-tabulations/1481-13746.pdf
09/10/2014,1490-13846,TRAFFIC SAFETY PROGRAM,http://opendocs.cookcountyil.gov/procurement/bid-tabulations/1490-13846.pdf
09/10/2014,1481-13740,"HOLDER, PORTRAIT WALL MOUNTED",http://opendocs.cookcountyil.gov/procurement/bid-tabulations/1481-13740-2.pdf
09/03/2014,1445-13725,STAINLESS STEEL TAMPER PROOF KEY RINGS,http://opendocs.cookcountyil.gov/procurement/bid-tabulations/1445-13725.pdf
09/03/2014,1426-13967,BOTTLED WATER,http://opendocs.cookcountyil.gov/procurement/bid-tabulations/1426-13967.pdf
09/03/2014,1445-13511,SALE OF UNCLAIMED EXCESS JEWELRY,http://opendocs.cookcountyil.gov/procurement/bid-tabulations/1445-13511.pdf
08/29/2014,1481-13813,FURNISH AND INSTALL GATE OPERATORS,http://opendocs.cookcountyil.gov/procurement/bid-tabulations/1481-13813.pdf
08/29/2014,1481-13836,AUTO WRITE SLIDE PRINTER,http://opendocs.cookcountyil.gov/procurement/bid-tabulations/1481-13836.pdf
08/29/2014,1426-13952,APPRAISAL OF UNCLAIMED JEWLERY,http://opendocs.cookcountyil.gov/procurement/bid-tabulations/1426-13952.pdf
08/29/2014,1445-13774,UNCLAIMED EYEGLASSES,http://opendocs.cookcountyil.gov/procurement/bid-tabulations/1445-13774.pdf
08/29/2014,1445-13451,UNCLAIMED EXCESS WATCHES,http://opendocs.cookcountyil.gov/procurement/bid-tabulations/1445-13451r.pdf
08/29/2014,1481-13768,"REPAIR SERVICE, MAINTENANCE",http://opendocs.cookcountyil.gov/procurement/bid-tabulations/1481-13768.pdf
08/27/2014,1411-13594,FOOD SERVICE,http://opendocs.cookcountyil.gov/procurement/bid-tabulations/1411-13594.pdf
08/27/2014,1481-13831,ADJUSTABLE PHEUMATIC LABORATORY STOOL,http://opendocs.cookcountyil.gov/procurement/bid-tabulations/1481-13831.pdf
08/27/2014,1411-13815,POLICE PURSUIT VEHICLES,http://opendocs.cookcountyil.gov/procurement/bid-tabulations/1411-13815.pdf
08/27/2014,1481-13754,OFFICE SUPPLIES,http://opendocs.cookcountyil.gov/procurement/bid-tabulations/1481-13754.pdf
08/27/2014,1435-13540,ELECTRIC VEHICLE CHARGING STATION PARKING,http://opendocs.cookcountyil.gov/procurement/bid-tabulations/1435-13540.pdf
08/20/2014,1481-13740,SHOWER BASE 740,http://opendocs.cookcountyil.gov/procurement/bid-tabulations/1481-13740.pdf
08/20/2014,1426-13857,"EQUIPMENT MAINTENANCE, REPAIR 857",http://opendocs.cookcountyil.gov/procurement/bid-tabulations/1426-13857.pdf
08/20/2014,1411-13567,VEHICLE GRAPHICS & INSTALLATION 567,http://opendocs.cookcountyil.gov/procurement/bid-tabulations/1411-13567.pdf
08/13/2014,1426-13833,OVERSIZED OFFICE CHAIRS,http://opendocs.cookcountyil.gov/procurement/bid-tabulations/1426-13833.pdf
08/13/2014,1481-13871,CUSTOM HOLOGRAPHIC LAMINATE,http://opendocs.cookcountyil.gov/procurement/bid-tabulations/1481-13871.pdf
08/13/2014,1481-13847,CIRCUIT BREAKER SERVICE,http://opendocs.cookcountyil.gov/procurement/bid-tabulations/1481-13847.pdf
08/08/2014,1426-13939,"NEWSLETTER, LAYOUT & DESIGN, FLAT MAILING",http://opendocs.cookcountyil.gov/procurement/bid-tabulations/1426-13939.pdf
08/08/2014,1426-13744,SCAVENGER SERVICE,http://opendocs.cookcountyil.gov/procurement/bid-tabulations/1426-13744.pdf
08/06/2014,1426-13824,"KODAK EQUIPMENT REPAIR, MAINTENANCE",http://opendocs.cookcountyil.gov/procurement/bid-tabulations/1426-13824.pdf
07/16/2014,1426-13716R,EQUIPMENT MAINTENANCE ON 13 LEKTRIEVERS,http://opendocs.cookcountyil.gov/procurement/bid-tabulations/1426-13716R.pdf
07/10/2014,1426-13820,5 GALLON SPRING WATER,http://opendocs.cookcountyil.gov/procurement/bid-tabulations/1426-13820.pdf
07/02/2014,1435-13462,RENTAL OF FLOOR MATS AND DUSTMOPS,http://opendocs.cookcountyil.gov/procurement/bid-tabulations/1435-13462.pdf
06/27/2014,1428-13632,BITUMINOUS MATERIALS (HOT PATCH) AND PRIME COAT MATERIALS NORTH AREA,http://opendocs.cookcountyil.gov/procurement/bid-tabulations/1428-13632.pdf
06/27/2014,1428-13633,BITUMINOUS MATERIALS (HOT PATCH) AND PRIME COAT MATERIALS SOUTH AREA 1,http://opendocs.cookcountyil.gov/procurement/bid-tabulations/1428-13633.pdf
06/27/2014,1428-13634,BITUMINOUS MATERIALS (HOT PATCH) AND PRIME COAT MATERIALS SOUTH AREA 2,http://opendocs.cookcountyil.gov/procurement/bid-tabulations/1428-13634.pdf
06/27/2014,1445-13595,UNARMED SECURITY GUARD SERVICES,http://opendocs.cookcountyil.gov/procurement/bid-tabulations/1445-13595.pdf
06/27/2014,1481-13509,POST MORTEM SAMPLES LABORATORY TESTING,http://opendocs.cookcountyil.gov/procurement/bid-tabulations/1481-13509.pdf
06/27/2014,1481-13562R,112873-MAINTENANCE SOFTENER SYSTEM- COOK COUNTY POWERHOUSE ENGINEER SHOP,http://opendocs.cookcountyil.gov/procurement/bid-tabulations/1481-13562R.pdf
06/27/2014,1481-13668R,113190-PARKING FOR BOT VEHICLE,http://opendocs.cookcountyil.gov/procurement/bid-tabulations/1481-13668R.pdf
06/08/2016,1626-15447,ELECTRONIC BARCODE FILE SYSTEM,http://opendocs.cookcountyil.gov/procurement/bid-tabulations/1626-15447.pdf
06/08/2016,1645-15297,REFRIGERANTS,http://opendocs.cookcountyil.gov/procurement/bid-tabulations/1645-15297.pdf
06/01/2016,1511-15181R,ICE MACHINES REPAIR AND MAINTENANCE,http://opendocs.cookcountyil.gov/procurement/bid-tabulations/1511-15181R.pdf
06/01/2016,1545-15174R,GLASS SUPPLIES,http://opendocs.cookcountyil.gov/procurement/bid-tabulations/1545-15174R.pdf
06/01/2016,1626-15546,SHEET METAL AIR SHEAR,http://opendocs.cookcountyil.gov/procurement/bid-tabulations/1626-15546.pdf
05/27/2016,1626-15513,REFRIGERATOR FREEZER,http://opendocs.cookcountyil.gov/procurement/bid-tabulations/1626-15513.pdf
05/27/2016,1611-15294,COMMERCIAL DISH MACHINES,http://opendocs.cookcountyil.gov/procurement/bid-tabulations/1611-15294.pdf
05/27/2016,1611-15382,SHOOTING RANGE REPAIRS AND UPGRADES,http://opendocs.cookcountyil.gov/procurement/bid-tabulations/1611-15382.pdf
05/25/2016, 1653-15478,"VIOLENCE PREVENTION, RECIDIVISM REDUCTION AND RESTORATIVE JUSTICE CAPACITY BUILDING GRANTS ($10,000)",http://opendocs.cookcountyil.gov/procurement/bid-tabulations/1653-15478.-1.pdf
05/25/2016, 1653-15486,"VIOLENCE PREVENTION, INTERVENTION AND REDUCTION, DEMONSTRATION GRANTS ($100,000)",http://opendocs.cookcountyil.gov/procurement/bid-tabulations/1653-15486.pdf
05/25/2016, 1653-15493,"VIOLENCE PREVENTION, INTERVENTION AND REDUCTION, DEMONSTRATION GRANTS ($40,000)",http://opendocs.cookcountyil.gov/procurement/bid-tabulations/1653-15493.pdf
05/25/2016,1626-15433,NATIONAL INSTITUTE OF STANDARD AND TECHNOLOGY ALCOHOLS,http://opendocs.cookcountyil.gov/procurement/bid-tabulations/1626-15433.pdf
05/20/2016,1626-15509,VIDEO GAMING AND GAMBLLING TAX EMBLEMS,http://opendocs.cookcountyil.gov/procurement/bid-tabulations/1626-15509.pdf
05/20/2016,1545-15147,LANDSCAPING SERVICES,http://opendocs.cookcountyil.gov/procurement/bid-tabulations/1545-15147.pdf
05/18/2016,1530-15177,PROFESSIONAL AUDITING SERVICES,http://opendocs.cookcountyil.gov/procurement/bid-tabulations/1530-15177.pdf
05/18/2016,1611-15318,HINGED LID FOAM CONTAINER,http://opendocs.cookcountyil.gov/procurement/bid-tabulations/1611-15318.pdf
05/13/2016,1645-15365,WOOD SUPPLIES,http://opendocs.cookcountyil.gov/procurement/bid-tabulations/1645-15365.pdf
05/13/2016,1645-15083R,PANASONIC CAMERAS AND LENSES,http://opendocs.cookcountyil.gov/procurement/bid-tabulations/1645-15083R.pdf
05/11/2016,1535-15124,PRINTING OF COURT CALENDARS,http://opendocs.cookcountyil.gov/procurement/bid-tabulations/1535-15124.pdf
05/06/2016,1614-15143,COMMUNICATIONS SERVICES,http://opendocs.cookcountyil.gov/procurement/bid-tabulations/1614-15143.pdf
05/06/2016,1555-15115,CAPITAL PROGRAM MANAGEMENT SERVICES FOR THE PUBLIC SAFETY PORTFOLIO,http://opendocs.cookcountyil.gov/procurement/bid-tabulations/1555-15115.pdf
05/06/2016,1611-15292,FLEET FUEL CARD SERVICES,http://opendocs.cookcountyil.gov/procurement/bid-tabulations/1611-15292.pdf
06/08/2016,1545-15099, ASBESTOS SUPPLIES,http://opendocs.cookcountyil.gov/procurement/bid-tabulations/1545-15099.pdf
06/22/2016,1545-14909,REPAIR OF LIGHT DUTY MACHINES,http://opendocs.cookcountyil.gov/procurement/bid-tabulations/1545-14909.pdf
06/15/2016,1623-15351,DIESEL AND UNLEADED FUEL SYSTEM REPAIRS AT DISTRICT 5,http://opendocs.cookcountyil.gov/procurement/bid-tabulations/1623-15351.pdf
06/22/2016,1626-15552,S FLEX DRIVES,http://opendocs.cookcountyil.gov/procurement/bid-tabulations/1626-15552.pdf
06/22/2016,1626-15584,37 BIT ID CARD PRINTING,http://opendocs.cookcountyil.gov/procurement/bid-tabulations/1626-15584.pdf
06/17/2016,1645-15324,CUSTODIAL CLEANING EQUIPMENT,http://opendocs.cookcountyil.gov/procurement/bid-tabulations/1645-15324.pdf
06/17/2016,1655-15452,DIAMOND GRINDING – VARIOUS LOCATIONS,http://opendocs.cookcountyil.gov/procurement/bid-tabulations/1655-15452.pdf
